dal_ys_disability_adjusted_life_years_communicable_maternal_neonatal_and_nutritional_diseases,prevalence_schizophrenia,deaths_vitamin_a_deficiency,deaths_high_systolic_blood_pressure,prevalence_bipolar_disorder,deaths_high_body_mass_index,life_expectancy,prevalence_eating_disorders,deaths_unsafe_sex,deaths_diet_low_in_fruits,prevalence_anxiety_disorders,percent_prevalence_depressive_disorders,prevalence_drug_use_disorders,total_life_satis,kg_banana_capita_year,kg_dates_capita_year,kg_citrus_other_capita_year,kg_orng_mand_capita_year,kg_apple_prod_capita_year,kg_lemon_lime_capita_year,kg_grape_capita_year,kg_grapefrt_prod_capita_year,kg_pineapple_prod_capita_year,kg_plantains_capita_year,kg_other_frt_capita_year,brain_nvss_cancer_deaths,breast_cancer_deaths,cervical_cancer_deaths,colon_rect_cancer_deaths,esophageal_cancer_deaths,gallbladder_cancer_deaths,kidney_cancer_deaths,larynx_cancer_deaths,leukemia_deaths,lip_and_oral_cavity_cancer_deaths,liver_cancer_deaths,non_hodgkin_lymphoma_deaths,other_cancers_deaths,other_pharynx_cancer_deaths,ovarian_cancer_deaths,pancreatic_cancer_deaths,prostate_cancer_deaths,stomach_cancer_deaths,tracheal_bronchus_and_lung_cancer_deaths,cal_frm_animl_prot,cal_frm_plnt_prot,cal_frm_fat,cal_frm_carbs,entity,year,fruit_consumed_kg_pc_year,gdp_capita_year,total_pop,continent,prevalence_alcohol_use_disorders
NA,NA,NA,NA,NA,NA,NA,NA,NA,NA,NA,NA,NA,NA,NA,NA,NA,NA,NA,NA,NA,NA,NA,NA,NA,NA,NA,NA,NA,NA,NA,NA,NA,NA,NA,NA,NA,NA,NA,NA,NA,NA,NA,NA,NA,NA,NA,NA,Afghanistan,1916,NA,NA,8524936,NA,NA
NA,NA,NA,NA,NA,NA,73.147,NA,NA,NA,NA,NA,NA,NA,NA,NA,NA,NA,NA,NA,NA,NA,NA,NA,NA,NA,NA,NA,NA,NA,NA,NA,NA,NA,NA,NA,NA,NA,NA,NA,NA,NA,NA,NA,NA,NA,NA,NA,Andorra,1974,NA,NA,29515,NA,NA
NA,NA,NA,NA,NA,NA,NA,NA,NA,NA,NA,NA,NA,NA,NA,NA,NA,NA,NA,NA,NA,NA,NA,NA,NA,NA,NA,NA,NA,NA,NA,NA,NA,NA,NA,NA,NA,NA,NA,NA,NA,NA,NA,NA,NA,NA,NA,NA,Aruba,1940,NA,NA,30399,NA,NA
NA,NA,NA,NA,NA,NA,NA,NA,NA,NA,NA,NA,NA,NA,NA,NA,NA,NA,NA,NA,NA,NA,NA,NA,NA,NA,NA,NA,NA,NA,NA,NA,NA,NA,NA,NA,NA,NA,NA,NA,NA,NA,NA,NA,NA,NA,NA,NA,Austria,1908,NA,NA,6488197,NA,NA
20895457.0407927,0.25097711332399997,3478.3352004484555,126137.2737812278,0.581834935835,29336.018218697223,69.485,0.119330962866,3808.126989718656,63375.815487847765,4.24602810717,4.22374274621,0.499140071648,5.083,5.03,0.01,0.05,0.47,0.93,0.34,0.36,0.36,1.38,NA,15.11,1860,4066,2885,5955,2273,842,403,2132,2124,5407,2516,1743,9132,2796,1082,1985,1743,6127,14978,37,183.92,264.87,1939.21,Bangladesh,2009,65.8696,2762.18047443876,145924795,NA,1.42073439104
NA,NA,NA,NA,NA,NA,NA,NA,NA,NA,NA,NA,NA,NA,NA,NA,NA,NA,NA,NA,NA,NA,NA,NA,NA,NA,NA,NA,NA,NA,NA,NA,NA,NA,NA,NA,NA,NA,NA,NA,NA,NA,NA,NA,NA,NA,NA,NA,Belarus,1908,NA,NA,5284924,NA,NA
NA,NA,NA,NA,NA,NA,71.064,NA,NA,NA,NA,NA,NA,NA,NA,NA,NA,NA,NA,NA,NA,NA,NA,NA,NA,NA,NA,NA,NA,NA,NA,NA,NA,NA,NA,NA,NA,NA,NA,NA,NA,NA,NA,NA,220.48,205.8,911.97,2025.75,Belarus,1986,NA,NA,9965178,NA,NA
NA,NA,NA,NA,NA,NA,59.110001,NA,NA,NA,NA,NA,NA,NA,NA,NA,NA,NA,NA,NA,NA,NA,NA,NA,NA,NA,NA,NA,NA,NA,NA,NA,NA,NA,NA,NA,NA,NA,NA,NA,NA,NA,NA,NA,NA,NA,NA,NA,Belgium,1942,NA,NA,8392202,NA,NA
NA,NA,NA,NA,NA,NA,NA,NA,NA,NA,NA,NA,NA,NA,NA,NA,NA,NA,NA,NA,NA,NA,NA,NA,NA,NA,NA,NA,NA,NA,NA,NA,NA,NA,NA,NA,NA,NA,NA,NA,NA,NA,NA,NA,NA,NA,NA,NA,Belize,1908,NA,NA,40502,NA,NA
NA,NA,NA,NA,NA,NA,82.593,NA,NA,NA,NA,NA,NA,NA,NA,NA,NA,NA,NA,NA,NA,NA,NA,NA,NA,NA,NA,NA,NA,NA,NA,NA,NA,NA,NA,NA,NA,NA,NA,NA,NA,NA,NA,NA,NA,NA,NA,NA,Bermuda,2019,NA,81804.2656772398,NA,NA,NA
NA,NA,NA,NA,NA,NA,75.881,NA,NA,NA,NA,NA,NA,6.451,NA,NA,NA,NA,NA,NA,NA,NA,NA,NA,NA,NA,NA,NA,NA,NA,NA,NA,NA,NA,NA,NA,NA,NA,NA,NA,NA,NA,NA,NA,NA,NA,NA,NA,Brazil,2019,NA,14763.8716968734,211049519,NA,NA
6648433.537994784,0.16849444871400002,9640.29558896752,5908.254809854284,0.620671707787,3638.551375774451,52.738,0.130249944432,3049.926576138134,981.1434698816458,2.88371030192,3.63461166542,0.513958071079,NA,53.02,0.02,0.01,0,0.03,0,0.02,0,2.62,48.67,9.57,175,561,706,431,190,133,79,78,258,81,1790,246,844,43,120,318,386,769,601,45.24,158.04,369.36,1540.36,Cameroon,1992,312.223,2831.18836001028,12499499,NA,1.00310257763
NA,NA,NA,NA,NA,NA,37.785,NA,NA,NA,NA,NA,NA,NA,NA,NA,NA,NA,NA,NA,NA,NA,NA,NA,NA,NA,NA,NA,NA,NA,NA,NA,NA,NA,NA,NA,NA,NA,NA,NA,NA,NA,NA,NA,NA,NA,NA,NA,Cameroon,1950,NA,NA,4307021,NA,NA
NA,NA,NA,NA,NA,NA,70.782,NA,NA,NA,NA,NA,NA,NA,3.77,0,0,5.42,9.9,5.16,4.33,0,0.27,0,14.79,NA,NA,NA,NA,NA,NA,NA,NA,NA,NA,NA,NA,NA,NA,NA,NA,NA,NA,NA,98.68,172.32,533.88,1734.12,Chile,1983,119.5462,NA,11907955,NA,NA
NA,NA,NA,NA,NA,NA,NA,NA,NA,NA,NA,NA,NA,NA,NA,NA,NA,NA,NA,NA,NA,NA,NA,NA,NA,NA,NA,NA,NA,NA,NA,NA,NA,NA,NA,NA,NA,NA,NA,NA,NA,NA,NA,NA,NA,NA,NA,NA,Chile,1941,NA,NA,5571001,NA,NA
27262751.70196749,0.33817407257800003,1690.183542774936,2542365.1220888444,0.321906029616,823869.2607532023,76.47,0.159587521318,73366.89943021673,718507.1133439307,3.03096888849,3.3113058974999996,1.11394315344,5.099,NA,NA,NA,NA,NA,NA,NA,NA,NA,NA,NA,NA,NA,NA,NA,NA,NA,NA,NA,NA,NA,NA,NA,NA,NA,NA,NA,NA,NA,NA,NA,NA,NA,NA,China,2017,268.32820000000004,14344.4212394424,1421021794,NA,1.22090281616
NA,NA,NA,NA,NA,NA,47.486,NA,NA,NA,NA,NA,NA,NA,4.23,0,0,1.78,0.27,0,0.07,0,3.86,22.99,13.95,NA,NA,NA,NA,NA,NA,NA,NA,NA,NA,NA,NA,NA,NA,NA,NA,NA,NA,NA,54.48,87.2,333.27,1618.05,Congo,1963,129.2184,NA,1096638,NA,NA
NA,NA,NA,NA,NA,NA,NA,NA,NA,NA,NA,NA,NA,NA,NA,NA,NA,NA,NA,NA,NA,NA,NA,NA,NA,NA,NA,NA,NA,NA,NA,NA,NA,NA,NA,NA,NA,NA,NA,NA,NA,NA,NA,NA,NA,NA,NA,NA,Congo,1921,NA,NA,527597,NA,NA
NA,NA,NA,NA,NA,NA,NA,NA,NA,NA,NA,NA,NA,NA,NA,NA,NA,NA,NA,NA,NA,NA,NA,NA,NA,NA,NA,NA,NA,NA,NA,NA,NA,NA,NA,NA,NA,NA,NA,NA,NA,NA,NA,NA,NA,NA,NA,NA,Cuba,1906,NA,NA,2018590,NA,NA
NA,NA,NA,NA,NA,NA,NA,NA,NA,NA,NA,NA,NA,NA,NA,NA,NA,NA,NA,NA,NA,NA,NA,NA,NA,NA,NA,NA,NA,NA,NA,NA,NA,NA,NA,NA,NA,NA,NA,NA,NA,NA,NA,NA,NA,NA,NA,NA,Cyprus,1917,NA,NA,298431,NA,NA
NA,NA,NA,NA,NA,NA,62.079,NA,NA,NA,NA,NA,NA,NA,49.19,0,NA,9.72,0.3,2.15,0.23,0.41,3.22,98.61,49.68,NA,NA,NA,NA,NA,NA,NA,NA,NA,NA,NA,NA,NA,NA,NA,NA,NA,NA,NA,65.76,114.6,457.11,1505.53,Dominican_Republic,1978,584.99,NA,5539596,NA,NA
NA,NA,NA,NA,NA,NA,NA,NA,NA,NA,NA,NA,NA,NA,NA,NA,NA,NA,NA,NA,NA,NA,NA,NA,NA,NA,NA,NA,NA,NA,NA,NA,NA,NA,NA,NA,NA,NA,NA,NA,NA,NA,NA,NA,NA,NA,NA,NA,Dominican_Republic,1936,NA,NA,1501389,NA,NA
NA,NA,NA,NA,NA,NA,54.098,NA,NA,NA,NA,NA,NA,NA,119.75,0,8.87,27.23,0.5,5.38,0.26,0.2,9.35,54.84,30.39,NA,NA,NA,NA,NA,NA,NA,NA,NA,NA,NA,NA,NA,NA,NA,NA,NA,NA,NA,73.72,127.56,421.47,1408.25,Ecuador,1962,703.5498,NA,4809194,NA,NA
NA,NA,NA,NA,NA,NA,NA,NA,NA,NA,NA,NA,NA,NA,NA,NA,NA,NA,NA,NA,NA,NA,NA,NA,NA,NA,NA,NA,NA,NA,NA,NA,NA,NA,NA,NA,NA,NA,NA,NA,NA,NA,NA,NA,NA,NA,NA,NA,Ecuador,1920,NA,NA,1844347,NA,NA
9655824.612304645,0.181962490143,4368.307782484087,76199.58874857181,0.766232815736,52546.862175724986,67.249,0.152994737001,370.6765242304876,16846.985726854615,4.29029842608,3.17682407716,1.27421391573,NA,8.36,10.7,0.04,29.01,6.25,4.35,13.83,0.01,0.01,0,18.17,1217,2029,376,1718,546,1842,304,361,2097,224,5384,987,3966,103,770,1310,915,1857,2248,61.08,304.16,498.24,2468.52,Egypt,1996,248.60020000000003,6671.08939267294,63601632,NA,0.619534265853
NA,NA,NA,NA,NA,NA,43.022,NA,NA,NA,NA,NA,NA,NA,NA,NA,NA,NA,NA,NA,NA,NA,NA,NA,NA,NA,NA,NA,NA,NA,NA,NA,NA,NA,NA,NA,NA,NA,NA,NA,NA,NA,NA,NA,NA,NA,NA,NA,Egypt,1954,NA,NA,22611502,NA,NA
24673.573917929694,0.201504850936,0.03635770910154351,5656.579021841602,0.707936578633,2713.665958528672,74.723,0.246115391826,103.66089998832014,800.2249944094153,2.96852622393,4.05113254844,1.12278094156,5.138,8.27,0.04,0.21,19.01,21,1.32,6.66,1.91,2.45,0,21.74,86,227,75,415,65,19,118,41,125,55,88,69,322,33,107,229,221,331,665,220.84,173.88,860.13,2093.15,Estonia,2009,226.37880000000004,25390.753967296,1336140,NA,5.01508508821
NA,NA,NA,NA,NA,NA,70.322,NA,NA,NA,NA,NA,NA,NA,NA,NA,NA,NA,NA,NA,NA,NA,NA,NA,NA,NA,NA,NA,NA,NA,NA,NA,NA,NA,NA,NA,NA,NA,NA,NA,NA,NA,NA,NA,170.2,226.68,727.29,2115.83,Estonia,1967,NA,NA,1319249,NA,NA
NA,NA,NA,NA,NA,NA,74.6,NA,NA,NA,NA,NA,NA,NA,9.3,0.03,0.01,16.78,15.18,0.82,4.82,1.46,1.19,0,11.83,NA,NA,NA,NA,NA,NA,NA,NA,NA,NA,NA,NA,NA,NA,NA,NA,NA,NA,NA,234.64,132.6,1111.77,1483.99,Finland,1985,168.29080000000002,NA,4911220,NA,NA
NA,NA,NA,NA,NA,NA,56.299999,NA,NA,NA,NA,NA,NA,NA,NA,NA,NA,NA,NA,NA,NA,NA,NA,NA,NA,NA,NA,NA,NA,NA,NA,NA,NA,NA,NA,NA,NA,NA,NA,NA,NA,NA,NA,NA,NA,NA,NA,NA,Finland,1943,NA,NA,3783681,NA,NA
NA,NA,NA,NA,NA,NA,82.659,NA,NA,NA,NA,NA,NA,6.69,NA,NA,NA,NA,NA,NA,NA,NA,NA,NA,NA,NA,NA,NA,NA,NA,NA,NA,NA,NA,NA,NA,NA,NA,NA,NA,NA,NA,NA,NA,NA,NA,NA,NA,France,2019,NA,45834.1669122703,65129731,NA,NA
1050778.7853917691,0.25319130016499997,1.5382236370188815,241667.2508016339,0.769740526708,92530.53340182238,76.623,0.47775822479599994,5867.427119047031,36933.831054361595,6.783240157459999,3.899397054740001,0.7507216856419999,NA,14.07,0.05,0.5,7.3,19.59,1.39,7.63,1.08,1.45,0,27.1,4805,19129,3418,30521,4311,1826,5595,1856,8280,2729,4691,5168,17933,2243,6177,11355,10991,15601,41255,221.6,145.96,1243.44,1638,Germany,1995,219.6384,39308.0884160853,81138653,NA,2.15101506271
NA,NA,NA,NA,NA,NA,67.686,NA,NA,NA,NA,NA,NA,NA,NA,NA,NA,NA,NA,NA,NA,NA,NA,NA,NA,NA,NA,NA,NA,NA,NA,NA,NA,NA,NA,NA,NA,NA,NA,NA,NA,NA,NA,NA,NA,NA,NA,NA,Germany,1953,NA,NA,70929839,NA,NA
NA,NA,NA,NA,NA,NA,NA,NA,NA,NA,NA,NA,NA,NA,NA,NA,NA,NA,NA,NA,NA,NA,NA,NA,NA,NA,NA,NA,NA,NA,NA,NA,NA,NA,NA,NA,NA,NA,NA,NA,NA,NA,NA,NA,NA,NA,NA,NA,Ghana,1909,NA,NA,2902786,NA,NA
5270.322316277667,0.193175490224,0.5268079213861849,164.06293252895736,0.886267638268,66.95796628637876,69.937,0.227142540047,11.642461029371107,32.61214272092262,4.56044454433,2.74463215899,0.722525140305,NA,18.23,0,8.15,20.63,4.91,4.83,1.51,24.43,0.35,5.35,64.09,2,8,6,8,5,2,1,1,5,2,6,7,14,1,2,5,15,10,9,167,110.72,753.93,1429.35,Grenada,1991,417.7678,8923.63130031847,96462,NA,1.62230817515
NA,NA,NA,NA,NA,NA,NA,NA,NA,NA,NA,NA,NA,NA,NA,NA,NA,NA,NA,NA,NA,NA,NA,NA,NA,NA,NA,NA,NA,NA,NA,NA,NA,NA,NA,NA,NA,NA,NA,NA,NA,NA,NA,NA,NA,NA,NA,NA,Grenada,1949,NA,NA,76945,NA,NA
NA,NA,NA,NA,NA,NA,50.635,NA,NA,NA,NA,NA,NA,NA,28.29,NA,0,6.31,0.01,2.01,0,1.71,0.31,28.55,59.39,NA,NA,NA,NA,NA,NA,NA,NA,NA,NA,NA,NA,NA,NA,NA,NA,NA,NA,NA,28.6,155.8,286.74,1495.86,Haiti,1979,346.8566,NA,5520187,NA,NA
NA,NA,NA,NA,NA,NA,NA,NA,NA,NA,NA,NA,NA,NA,NA,NA,NA,NA,NA,NA,NA,NA,NA,NA,NA,NA,NA,NA,NA,NA,NA,NA,NA,NA,NA,NA,NA,NA,NA,NA,NA,NA,NA,NA,NA,NA,NA,NA,Haiti,1937,NA,NA,2744934,NA,NA
NA,NA,NA,NA,NA,NA,NA,NA,NA,NA,NA,NA,NA,NA,NA,NA,NA,NA,NA,NA,NA,NA,NA,NA,NA,NA,NA,NA,NA,NA,NA,NA,NA,NA,NA,NA,NA,NA,NA,NA,NA,NA,NA,NA,NA,NA,NA,NA,Honduras,1905,NA,NA,590337,NA,NA
NA,NA,NA,NA,NA,NA,75.043,NA,NA,NA,NA,NA,NA,NA,4.27,0.48,1.16,24.62,7.82,0.97,2.43,0.1,0.23,0,32.37,NA,NA,NA,NA,NA,NA,NA,NA,NA,NA,NA,NA,NA,NA,NA,NA,NA,NA,NA,203.68,152.64,955.62,1658.06,Hong_Kong,1981,203.993,NA,4971693,NA,NA
NA,NA,NA,NA,NA,NA,NA,NA,NA,NA,NA,NA,NA,NA,NA,NA,NA,NA,NA,NA,NA,NA,NA,NA,NA,NA,NA,NA,NA,NA,NA,NA,NA,NA,NA,NA,NA,NA,NA,NA,NA,NA,NA,NA,NA,NA,NA,NA,Hong_Kong,1939,NA,NA,1687306,NA,NA
133880.24620190627,0.205242274425,2.528961547862298,41191.266736041085,0.703031013443,19982.612200698888,76.006,0.234707642547,571.5415414863428,6804.520353032958,3.4585437153500003,2.75450270338,0.717385662764,5.344,NA,NA,NA,NA,NA,NA,NA,NA,NA,NA,NA,761,2150,523,5348,659,395,831,504,1011,805,889,615,2687,603,768,2071,1342,1716,8475,NA,NA,NA,NA,Hungary,2015,148.5354,27499.3244662857,9777925,Europe,2.13547559829
NA,NA,NA,NA,NA,NA,74.186,NA,NA,NA,NA,NA,NA,NA,7.12,0.3,0,9.52,9.15,0.7,6.53,0.42,0,0,20.01,NA,NA,NA,NA,NA,NA,NA,NA,NA,NA,NA,NA,NA,NA,NA,NA,NA,NA,NA,386.12,109.92,1149.93,1422.03,Iceland,1972,147.275,NA,209928,NA,NA
NA,NA,NA,NA,NA,NA,60.25,NA,NA,NA,NA,NA,NA,NA,NA,NA,NA,NA,NA,NA,NA,NA,NA,NA,NA,NA,NA,NA,NA,NA,NA,NA,NA,NA,NA,NA,NA,NA,NA,NA,NA,NA,NA,NA,NA,NA,NA,NA,Iceland,1930,NA,NA,108482,NA,NA
241293093.67224073,0.262611986403,136778.75175205266,1006446.4612460224,0.553799606427,235257.91038000077,64.918,0.126230605888,167978.1302121144,309855.09353554697,3.30967704766,3.93938201083,0.501409152995,5.348,14.68,0.25,0.29,2.69,1.46,1.59,1.23,0.12,1.1,NA,19.58,15571,43339,34182,37618,29990,8226,3685,21601,25640,43656,20908,16153,81792,41305,11412,16001,14094,66263,46549,42.24,181.4,443.88,1666.48,India,2006,117.82,3453.10566102778,1165486291,NA,1.45193378687
NA,NA,NA,NA,NA,NA,74.589,NA,NA,NA,NA,NA,NA,NA,7.97,0.04,0.05,17.48,17.5,0.97,9.22,1.06,0.94,0,14.58,NA,NA,NA,NA,NA,NA,NA,NA,NA,NA,NA,NA,NA,NA,NA,NA,NA,NA,NA,274.4,172.6,1260.99,1879.01,Ireland,1989,191.3068,NA,3509508,NA,NA
NA,NA,NA,NA,NA,NA,NA,NA,NA,NA,NA,NA,NA,NA,NA,NA,NA,NA,NA,NA,NA,NA,NA,NA,NA,NA,NA,NA,NA,NA,NA,NA,NA,NA,NA,NA,NA,NA,NA,NA,NA,NA,NA,NA,NA,NA,NA,NA,Ireland,1947,NA,NA,2919390,NA,NA
NA,NA,NA,NA,NA,NA,NA,NA,NA,NA,NA,NA,NA,NA,NA,NA,NA,NA,NA,NA,NA,NA,NA,NA,NA,NA,NA,NA,NA,NA,NA,NA,NA,NA,NA,NA,NA,NA,NA,NA,NA,NA,NA,NA,NA,NA,NA,NA,Israel,1901,NA,NA,358422,NA,NA
NA,NA,NA,NA,NA,NA,71.98,NA,NA,NA,NA,NA,NA,NA,6.01,0.03,0.66,18.87,9.36,0.34,2.51,0.02,1.25,0,11.48,NA,NA,NA,NA,NA,NA,NA,NA,NA,NA,NA,NA,NA,NA,NA,NA,NA,NA,NA,139.24,185.84,474.84,1898.08,Japan,1969,138.4522,NA,103496032,NA,NA
NA,NA,NA,NA,NA,NA,NA,NA,NA,NA,NA,NA,NA,NA,NA,NA,NA,NA,NA,NA,NA,NA,NA,NA,NA,NA,NA,NA,NA,NA,NA,NA,NA,NA,NA,NA,NA,NA,NA,NA,NA,NA,NA,NA,NA,NA,NA,NA,Japan,1928,NA,NA,61769908,NA,NA
365210.4843961644,0.190966731071,58.39578054167645,3621.759143609914,0.8102286414140001,3143.2196999921075,72.083,0.164431413591,42.46416675434622,903.3468126945886,4.93010477999,3.74727898767,1.43124948323,NA,9.11,1.48,1.15,20.63,8.95,4.95,7.13,1.16,0.2,0,12.44,104,272,30,244,25,31,25,30,233,22,56,152,277,8,35,70,78,124,242,89.72,205.76,853.47,1789.05,Jordan,2002,184.128,9377.64537255967,5317514,NA,0.6342473026359999
NA,NA,NA,NA,NA,NA,52.651,NA,NA,NA,NA,NA,NA,NA,NA,NA,NA,NA,NA,NA,NA,NA,NA,NA,NA,NA,NA,NA,NA,NA,NA,NA,NA,NA,NA,NA,NA,NA,NA,NA,NA,NA,NA,NA,NA,NA,NA,NA,Jordan,1960,NA,NA,933102,NA,NA
13528130.166085072,0.168128693974,11017.235823212792,14171.724983434704,0.636659878226,3564.3984968804325,52.014,0.121954749651,56537.195088116285,3683.0396175031633,3.60161687452,3.66015363645,0.451418799704,NA,31.06,0.07,4.45,1.12,0.13,0.29,0.02,0.19,4.96,0.83,7.88,195,627,1140,568,679,254,51,153,389,196,445,340,1601,82,185,338,440,1185,389,59.28,173.72,419.22,1364.78,Kenya,1997,139.7674,2931.40977447419,29415660,NA,1.2569414457
NA,NA,NA,NA,NA,NA,43.7,NA,NA,NA,NA,NA,NA,NA,NA,NA,NA,NA,NA,NA,NA,NA,NA,NA,NA,NA,NA,NA,NA,NA,NA,NA,NA,NA,NA,NA,NA,NA,NA,NA,NA,NA,NA,NA,NA,NA,NA,NA,Kenya,1955,NA,NA,6987658,NA,NA
NA,NA,NA,NA,NA,NA,49.386,NA,NA,NA,NA,NA,NA,NA,2.58,NA,NA,8.31,0,0.8,0,0.63,9.17,NA,6.02,NA,NA,NA,NA,NA,NA,NA,NA,NA,NA,NA,NA,NA,NA,NA,NA,NA,NA,NA,25.24,165.48,200.43,1560.85,Laos,1981,75.35000000000001,NA,3323353,NA,NA
NA,NA,NA,NA,NA,NA,NA,NA,NA,NA,NA,NA,NA,NA,NA,NA,NA,NA,NA,NA,NA,NA,NA,NA,NA,NA,NA,NA,NA,NA,NA,NA,NA,NA,NA,NA,NA,NA,NA,NA,NA,NA,NA,NA,NA,NA,NA,NA,Laos,1939,NA,NA,928634,NA,NA
223515.15430690223,0.194105248193,34.49819432806003,4497.755979656169,0.986986983004,3201.564308329463,73.528,0.188230040099,127.86362371365496,297.55264777861606,5.96559349157,3.62651891187,1.76523360717,NA,18.28,1.62,NA,32.44,18.37,17.51,20.64,3,0.59,0,74.76,123,315,38,266,32,25,34,73,219,28,78,129,405,15,59,80,173,196,420,133.56,234.48,1005.39,1993.57,Lebanon,1998,512.928,14822.1128399399,3693514,NA,0.644570192417
NA,NA,NA,NA,NA,NA,61.89,NA,NA,NA,NA,NA,NA,NA,NA,NA,NA,NA,NA,NA,NA,NA,NA,NA,NA,NA,NA,NA,NA,NA,NA,NA,NA,NA,NA,NA,NA,NA,NA,NA,NA,NA,NA,NA,NA,NA,NA,NA,Lebanon,1956,NA,NA,1584039,NA,NA
NA,NA,NA,NA,NA,NA,54.683998,NA,NA,NA,NA,NA,NA,NA,NA,NA,NA,NA,NA,NA,NA,NA,NA,NA,NA,NA,NA,NA,NA,NA,NA,NA,NA,NA,NA,NA,NA,NA,NA,NA,NA,NA,NA,NA,NA,NA,NA,NA,Luxembourg,1923,NA,NA,277064,NA,NA
NA,NA,NA,NA,NA,NA,68.117,NA,NA,NA,NA,NA,NA,NA,24.04,0.28,0.21,2.53,1.64,0.26,0.47,0.22,8,0,19.71,NA,NA,NA,NA,NA,NA,NA,NA,NA,NA,NA,NA,NA,NA,NA,NA,NA,NA,NA,103.6,131.64,696.51,1831.25,Malaysia,1980,157.139,NA,13798094,NA,NA
NA,NA,NA,NA,NA,NA,NA,NA,NA,NA,NA,NA,NA,NA,NA,NA,NA,NA,NA,NA,NA,NA,NA,NA,NA,NA,NA,NA,NA,NA,NA,NA,NA,NA,NA,NA,NA,NA,NA,NA,NA,NA,NA,NA,NA,NA,NA,NA,Malaysia,1938,NA,NA,4919810,NA,NA
NA,NA,NA,NA,NA,NA,NA,NA,NA,NA,NA,NA,NA,NA,NA,NA,NA,NA,NA,NA,NA,NA,NA,NA,NA,NA,NA,NA,NA,NA,NA,NA,NA,NA,NA,NA,NA,NA,NA,NA,NA,NA,NA,NA,NA,NA,NA,NA,Mexico,1918,NA,NA,14649106,NA,NA
NA,NA,NA,NA,NA,NA,NA,NA,NA,NA,NA,NA,NA,NA,NA,NA,NA,NA,NA,NA,NA,NA,NA,NA,NA,NA,NA,NA,NA,NA,NA,NA,NA,NA,NA,NA,NA,NA,NA,NA,NA,NA,NA,NA,NA,NA,NA,NA,Mongolia,1904,NA,NA,704662,NA,NA
NA,NA,NA,NA,NA,NA,63.535,NA,NA,NA,NA,NA,NA,NA,1.01,1.44,0.16,22.05,9.15,0.75,6.23,0.51,0.01,NA,12.1,NA,NA,NA,NA,NA,NA,NA,NA,NA,NA,NA,NA,NA,NA,NA,NA,NA,NA,NA,55.4,278.08,540.81,2174.71,Morocco,1988,146.3708,NA,23903592,NA,NA
NA,NA,NA,NA,NA,NA,NA,NA,NA,NA,NA,NA,NA,NA,NA,NA,NA,NA,NA,NA,NA,NA,NA,NA,NA,NA,NA,NA,NA,NA,NA,NA,NA,NA,NA,NA,NA,NA,NA,NA,NA,NA,NA,NA,NA,NA,NA,NA,Morocco,1946,NA,NA,8407169,NA,NA
5030400.963601698,0.245201004692,1658.3462205076282,16976.21760706995,0.577929555661,3639.26588097858,65.264,0.109882906477,2185.3053135824503,5494.134519530735,3.79616754225,3.69648145274,0.487936465498,NA,2.25,0.02,0.04,5.42,2.48,0.97,0.08,0.02,0.48,NA,29.77,322,960,884,723,722,184,67,364,572,708,459,315,1730,634,279,360,259,1504,1153,38.8,209.56,376.47,1781.17,Nepal,2005,113.7922,2282.68505366778,25744500,NA,1.38097351279
303378.8232588502,0.197400262819,21.328190567781473,3924.770498056921,0.795388862963,2393.0273585377936,71.915,0.190207473912,448.1762805921596,807.7585998920691,2.90072411185,2.88033574153,0.568379147113,5.104,0.3,0,0.17,10.17,14.44,0,0.27,0.02,8,6.94,4.65,99,150,272,177,25,44,36,25,178,20,236,64,268,10,43,97,190,308,179,73.96,180,541.08,1671.96,Nicaragua,2008,123.163,4693.62809698984,5667436,NA,2.0783990051
NA,NA,NA,NA,NA,NA,75.032,NA,NA,NA,NA,NA,NA,NA,9.34,0.09,0.26,20.77,22.34,0.56,6.39,0.87,0.79,0,28.72,NA,NA,NA,NA,NA,NA,NA,NA,NA,NA,NA,NA,NA,NA,NA,NA,NA,NA,NA,237.48,138.44,1300.5,1509.58,Norway,1976,246.9562,NA,4027475,NA,NA
NA,NA,NA,NA,NA,NA,66.220001,NA,NA,NA,NA,NA,NA,NA,NA,NA,NA,NA,NA,NA,NA,NA,NA,NA,NA,NA,NA,NA,NA,NA,NA,NA,NA,NA,NA,NA,NA,NA,NA,NA,NA,NA,NA,NA,NA,NA,NA,NA,Norway,1934,NA,NA,2872461,NA,NA
52161999.16998979,0.255272686574,38573.97883520623,144777.8668441537,0.566024354121,31701.41103911498,62.039,0.129982710644,2382.2405352212822,48958.51164048286,3.74087728272,3.51045945143,0.6461527508789999,NA,0.61,3.61,0,13.37,3.89,0.58,0.83,0,0.01,NA,14.54,2192,9161,1749,4142,4608,1049,491,3229,3379,6122,2777,3356,11305,2772,2425,1614,1704,3596,7656,89.48,158.4,563.4,1590.72,Pakistan,1997,102.613,3180.35110759572,131057432,NA,1.41302607478
NA,NA,NA,NA,NA,NA,40.287,NA,NA,NA,NA,NA,NA,NA,NA,NA,NA,NA,NA,NA,NA,NA,NA,NA,NA,NA,NA,NA,NA,NA,NA,NA,NA,NA,NA,NA,NA,NA,NA,NA,NA,NA,NA,NA,NA,NA,NA,NA,Pakistan,1955,NA,NA,40488032,NA,NA
NA,NA,NA,NA,NA,NA,NA,NA,NA,NA,NA,NA,NA,NA,NA,NA,NA,NA,NA,NA,NA,NA,NA,NA,NA,NA,NA,NA,NA,NA,NA,NA,NA,NA,NA,NA,NA,NA,NA,NA,NA,NA,NA,NA,NA,NA,NA,NA,Palestine,1901,NA,NA,292744,NA,NA
NA,NA,NA,NA,NA,NA,61.767,NA,NA,NA,NA,NA,NA,NA,NA,NA,NA,NA,NA,NA,NA,NA,NA,NA,NA,NA,NA,NA,NA,NA,NA,NA,NA,NA,NA,NA,NA,NA,NA,NA,NA,NA,NA,NA,NA,NA,NA,NA,Palestine,1979,NA,NA,1471138,NA,NA
NA,NA,NA,NA,NA,NA,54.174,NA,NA,NA,NA,NA,NA,NA,0,0.03,0.79,16.59,5.52,5.03,1.71,0.99,3.99,54.98,26.7,NA,NA,NA,NA,NA,NA,NA,NA,NA,NA,NA,NA,NA,NA,NA,NA,NA,NA,NA,84.68,134.64,287.37,1685.31,Peru,1970,318.77160000000003,NA,13459789,NA,NA
NA,NA,NA,NA,NA,NA,NA,NA,NA,NA,NA,NA,NA,NA,NA,NA,NA,NA,NA,NA,NA,NA,NA,NA,NA,NA,NA,NA,NA,NA,NA,NA,NA,NA,NA,NA,NA,NA,NA,NA,NA,NA,NA,NA,NA,NA,NA,NA,Peru,1928,NA,NA,5381399,NA,NA
NA,NA,NA,NA,NA,NA,NA,NA,NA,NA,NA,NA,NA,NA,NA,NA,NA,NA,NA,NA,NA,NA,NA,NA,NA,NA,NA,NA,NA,NA,NA,NA,NA,NA,NA,NA,NA,NA,NA,NA,NA,NA,NA,NA,NA,NA,NA,NA,Poland,1918,NA,NA,23949906,NA,NA
NA,NA,NA,NA,NA,NA,82.049,NA,NA,NA,NA,NA,NA,6.095,NA,NA,NA,NA,NA,NA,NA,NA,NA,NA,NA,NA,NA,NA,NA,NA,NA,NA,NA,NA,NA,NA,NA,NA,NA,NA,NA,NA,NA,NA,NA,NA,NA,NA,Portugal,2019,NA,34879.7059746537,10226178,NA,NA
NA,NA,NA,NA,NA,NA,NA,NA,NA,NA,NA,NA,NA,NA,NA,NA,NA,NA,NA,NA,NA,NA,NA,NA,NA,NA,NA,NA,NA,NA,NA,NA,NA,NA,NA,NA,NA,NA,NA,NA,NA,NA,NA,NA,NA,NA,NA,NA,Puerto_Rico,2020,NA,33442.8315702748,NA,NA,NA
NA,NA,NA,NA,NA,NA,NA,NA,NA,NA,NA,NA,NA,NA,NA,NA,NA,NA,NA,NA,NA,NA,NA,NA,NA,NA,NA,NA,NA,NA,NA,NA,NA,NA,NA,NA,NA,NA,NA,NA,NA,NA,NA,NA,NA,NA,NA,NA,Russia,1902,NA,NA,66136556,NA,NA
NA,NA,NA,NA,NA,NA,67.348,NA,NA,NA,NA,NA,NA,NA,NA,NA,NA,NA,NA,NA,NA,NA,NA,NA,NA,NA,NA,NA,NA,NA,NA,NA,NA,NA,NA,NA,NA,NA,NA,NA,NA,NA,NA,NA,204.16,209.2,857.97,2106.67,Russia,1980,NA,NA,138053143,NA,NA
NA,NA,NA,NA,NA,NA,63.937,NA,NA,NA,NA,NA,NA,NA,83.97,NA,4.12,0.08,0.12,0,0.05,NA,27.28,NA,135.22,NA,NA,NA,NA,NA,NA,NA,NA,NA,NA,NA,NA,NA,NA,NA,NA,NA,NA,NA,132.16,117.24,880.83,1365.77,Samoa,1981,687.3016,NA,156410,NA,NA
NA,NA,NA,NA,NA,NA,NA,NA,NA,NA,NA,NA,NA,NA,NA,NA,NA,NA,NA,NA,NA,NA,NA,NA,NA,NA,NA,NA,NA,NA,NA,NA,NA,NA,NA,NA,NA,NA,NA,NA,NA,NA,NA,NA,NA,NA,NA,NA,Samoa,1939,NA,NA,66427,NA,NA
848214.2080724154,0.202759830709,39.35108765365766,16261.607593857196,0.8125966764439999,12242.915096038623,73.467,0.262648526119,347.5616100152778,3256.8181399664254,4.73719499958,3.48414751811,1.44951174434,7.267,9.12,35.71,5.84,11.51,10.02,1.36,7.46,0.33,0.85,0,11.09,521,647,117,826,211,146,126,79,682,129,1186,432,965,79,170,471,288,480,832,130.6,209.56,747,1958.84,Saudi_Arabia,2007,255.642,43865.9203062551,25184589,NA,0.6612997530129999
NA,NA,NA,NA,NA,NA,NA,NA,NA,NA,NA,NA,NA,NA,NA,NA,NA,NA,NA,NA,NA,NA,NA,NA,NA,NA,NA,NA,NA,NA,NA,NA,NA,NA,NA,NA,NA,NA,NA,NA,NA,NA,NA,NA,NA,NA,NA,NA,Singapore,1917,NA,NA,365064,NA,NA
NA,NA,NA,NA,NA,NA,NA,NA,NA,NA,NA,NA,NA,NA,NA,NA,NA,NA,NA,NA,NA,NA,NA,NA,NA,NA,NA,NA,NA,NA,NA,NA,NA,NA,NA,NA,NA,NA,NA,NA,NA,NA,NA,NA,NA,NA,NA,NA,Slovakia,1943,NA,NA,3327287,NA,NA
NA,NA,NA,NA,NA,NA,81.324,NA,NA,NA,NA,NA,NA,6.665,NA,NA,NA,NA,NA,NA,NA,NA,NA,NA,NA,NA,NA,NA,NA,NA,NA,NA,NA,NA,NA,NA,NA,NA,NA,NA,NA,NA,NA,NA,NA,NA,NA,NA,Slovenia,2019,NA,38905.5478569196,2078654,NA,NA
NA,NA,NA,NA,NA,NA,70.79,NA,NA,NA,NA,NA,NA,NA,NA,NA,NA,NA,NA,NA,NA,NA,NA,NA,NA,NA,NA,NA,NA,NA,NA,NA,NA,NA,NA,NA,NA,NA,NA,NA,NA,NA,NA,NA,NA,NA,NA,NA,Slovenia,1977,NA,NA,1777315,NA,NA
NA,NA,NA,NA,NA,NA,NA,NA,NA,NA,NA,NA,NA,NA,NA,NA,NA,NA,NA,NA,NA,NA,NA,NA,NA,NA,NA,NA,NA,NA,NA,NA,NA,NA,NA,NA,NA,NA,NA,NA,NA,NA,NA,NA,NA,NA,NA,NA,Somalia,1909,NA,NA,1587096,NA,NA
NA,NA,NA,NA,NA,NA,46.115,NA,NA,NA,NA,NA,NA,NA,NA,NA,NA,NA,NA,NA,NA,NA,NA,NA,NA,NA,NA,NA,NA,NA,NA,NA,NA,NA,NA,NA,NA,NA,NA,NA,NA,NA,NA,NA,NA,NA,NA,NA,Somalia,1987,NA,NA,6862267,NA,NA
NA,NA,NA,NA,NA,NA,57.772,NA,NA,NA,NA,NA,NA,NA,0,0,0.04,0.04,5.23,0,0.59,0,0,NA,3.93,NA,NA,NA,NA,NA,NA,NA,NA,NA,NA,NA,NA,NA,NA,NA,NA,NA,NA,NA,28.52,213,148.41,1977.07,South_Korea,1965,26.9342,NA,28895557,NA,NA
NA,NA,NA,NA,NA,NA,29.534401,NA,NA,NA,NA,NA,NA,NA,NA,NA,NA,NA,NA,NA,NA,NA,NA,NA,NA,NA,NA,NA,NA,NA,NA,NA,NA,NA,NA,NA,NA,NA,NA,NA,NA,NA,NA,NA,NA,NA,NA,NA,South_Korea,1923,NA,NA,11501294,NA,NA
NA,NA,NA,NA,NA,NA,40.779999,NA,NA,NA,NA,NA,NA,NA,NA,NA,NA,NA,NA,NA,NA,NA,NA,NA,NA,NA,NA,NA,NA,NA,NA,NA,NA,NA,NA,NA,NA,NA,NA,NA,NA,NA,NA,NA,NA,NA,NA,NA,Spain,1910,NA,NA,19859107,NA,NA
107058.27570383096,0.281870936027,0.5361494170840834,24101.462337275265,1.06160196867,8377.124338533931,79.171,0.487225274967,348.55987413728445,3743.259596842843,5.32655609669,4.61692749835,0.540505482351,NA,15.05,0.06,0.35,31.74,16.47,1.37,5.53,1.33,1.21,0.01,19.32,543,1691,294,2803,410,226,754,75,756,161,628,853,2675,79,716,1331,2344,1146,3034,263.2,135.04,1160.73,1528.03,Sweden,1997,253.313,35764.6847640308,8868857,NA,1.93235987699
NA,NA,NA,NA,NA,NA,72.446,NA,NA,NA,NA,NA,NA,NA,NA,NA,NA,NA,NA,NA,NA,NA,NA,NA,NA,NA,NA,NA,NA,NA,NA,NA,NA,NA,NA,NA,NA,NA,NA,NA,NA,NA,NA,NA,NA,NA,NA,NA,Sweden,1955,NA,NA,7262625,NA,NA
NA,NA,NA,NA,NA,NA,54.189999,NA,NA,NA,NA,NA,NA,NA,NA,NA,NA,NA,NA,NA,NA,NA,NA,NA,NA,NA,NA,NA,NA,NA,NA,NA,NA,NA,NA,NA,NA,NA,NA,NA,NA,NA,NA,NA,NA,NA,NA,NA,Switzerland,1913,NA,NA,3751057,NA,NA
NA,NA,NA,NA,NA,NA,NA,NA,NA,NA,NA,NA,NA,NA,NA,NA,NA,NA,NA,NA,NA,NA,NA,NA,NA,NA,NA,NA,NA,NA,NA,NA,NA,NA,NA,NA,NA,NA,NA,NA,NA,NA,NA,NA,NA,NA,NA,NA,Taiwan,1906,NA,NA,3038889,NA,NA
NA,NA,NA,NA,NA,NA,59.887,NA,NA,NA,NA,NA,NA,NA,28.22,0,0,11.54,0,0.88,0.04,0.31,5.38,NA,19.68,NA,NA,NA,NA,NA,NA,NA,NA,NA,NA,NA,NA,NA,NA,NA,NA,NA,NA,NA,63.8,139,245.97,1745.23,Thailand,1971,180.977,NA,37963280,NA,NA
NA,NA,NA,NA,NA,NA,NA,NA,NA,NA,NA,NA,NA,NA,NA,NA,NA,NA,NA,NA,NA,NA,NA,NA,NA,NA,NA,NA,NA,NA,NA,NA,NA,NA,NA,NA,NA,NA,NA,NA,NA,NA,NA,NA,NA,NA,NA,NA,Thailand,1929,NA,NA,12457259,NA,NA
NA,NA,NA,NA,NA,NA,NA,NA,NA,NA,NA,NA,NA,NA,NA,NA,NA,NA,NA,NA,NA,NA,NA,NA,NA,NA,NA,NA,NA,NA,NA,NA,NA,NA,NA,NA,NA,NA,NA,NA,NA,NA,NA,NA,NA,NA,NA,NA,Turkey,1902,NA,NA,14360092,NA,NA
1043102.8756516489,0.25293185913800004,5.04424491065441,81480.23685456076,1.08511341465,51641.7045071664,80.564,0.540521659163,1959.014316670304,17987.247001588574,4.66682568406,4.12623025185,1.74854457134,6.869,15.24,0.24,0.29,37.81,27.44,2.05,10.89,3.21,3.63,0.52,24.41,3877,13144,1642,18290,8046,2069,4129,841,6665,1585,4204,5211,18353,888,4758,9654,11783,7872,36940,234.28,177.44,1243.26,1762.02,United_Kingdom,2011,344.4728,42294.1204630137,64021922,NA,1.91385638281
NA,NA,NA,NA,NA,NA,70.247,NA,NA,NA,NA,NA,NA,NA,7.31,0.13,0,26.35,11.75,2.15,5.59,7.35,5.13,0,14.95,NA,NA,NA,NA,NA,NA,NA,NA,NA,NA,NA,NA,NA,NA,NA,NA,NA,NA,NA,266.16,127.12,1030.05,1530.67,United_States,1966,221.1454,NA,201895760,NA,NA
NA,NA,NA,NA,NA,NA,58.5,NA,NA,NA,NA,NA,NA,NA,NA,NA,NA,NA,NA,NA,NA,NA,NA,NA,NA,NA,NA,NA,NA,NA,NA,NA,NA,NA,NA,NA,NA,NA,NA,NA,NA,NA,NA,NA,NA,NA,NA,NA,United_States,1924,NA,NA,117928215,NA,NA
NA,NA,NA,NA,NA,NA,77.911,NA,NA,NA,NA,NA,NA,6.6,NA,NA,NA,NA,NA,NA,NA,NA,NA,NA,NA,NA,NA,NA,NA,NA,NA,NA,NA,NA,NA,NA,NA,NA,NA,NA,NA,NA,NA,NA,NA,NA,NA,NA,Uruguay,2019,NA,23032.7340435597,3461731,NA,NA
NA,NA,NA,NA,NA,NA,NA,NA,NA,NA,NA,NA,NA,NA,NA,NA,NA,NA,NA,NA,NA,NA,NA,NA,NA,NA,NA,NA,NA,NA,NA,NA,NA,NA,NA,NA,NA,NA,NA,NA,NA,NA,NA,NA,NA,NA,NA,NA,Vietnam,1917,NA,NA,18414134,NA,NA
767641039.8234291,0.254594230597,287695.39709002216,9756852.925839668,0.595385649356,4272118.459091743,71.364,0.205832652136,1216378.7416980022,2336607.2840473615,3.77919126454,3.4396975725700005,0.92494881154,NA,NA,NA,NA,NA,NA,NA,NA,NA,NA,NA,NA,217696,526001,243098,794515,402062,97416,125420,106699,302623,167199,783530,227857,871900,111648,157201,385795,355280,822276,1651199,NA,NA,NA,NA,World,2014,NA,15177.2017010076,7293918826,NA,1.4203928768399998
8676098.312198108,0.161205893211,1040.7373176902752,11689.567569906734,0.60722607688,5446.796852213593,43.195,0.13585674119,90034.13700584126,3490.0061144501906,3.09184422793,3.089273552,0.724704770523,NA,6.29,0,0.03,5.24,0.6,1.27,0.04,0.43,0.01,NA,0.44,201,745,1523,680,1131,295,50,151,285,88,1087,447,1263,34,224,378,1185,858,691,41.2,150.24,490.77,1327.79,Zimbabwe,2003,39.2642,2857.15233572024,11982219,NA,1.48282310453
NA,NA,NA,NA,NA,NA,NA,NA,NA,NA,NA,NA,NA,NA,NA,NA,NA,NA,NA,NA,NA,NA,NA,NA,NA,NA,NA,NA,NA,NA,NA,NA,NA,NA,NA,NA,NA,NA,NA,NA,NA,NA,NA,NA,NA,NA,NA,NA,Zimbabwe,2021,NA,NA,15092171,NA,NA
5334.334488461384,0.26084040011,0.6675550129620084,132.25476556543265,0.476490805251,100.64802880612262,72.167,0.234709519775,4.55129262400233,15.055380482575003,3.26648384447,3.39738986122,0.782659040272,NA,NA,NA,NA,NA,NA,NA,NA,NA,NA,NA,NA,1,6,2,10,2,1,1,1,5,2,6,4,11,1,1,4,4,4,29,NA,NA,NA,NA,Guam,1991,NA,NA,NA,NA,1.22289304306
9747248.542203268,NA,7456.091311331133,32313.170281076444,NA,11027.527172946147,58.29,NA,612.2664421428871,10860.106167783411,NA,NA,NA,NA,NA,NA,NA,NA,NA,NA,NA,NA,NA,NA,NA,NA,NA,NA,NA,NA,NA,NA,NA,NA,NA,NA,NA,NA,NA,NA,NA,NA,NA,NA,NA,NA,NA,NA,Afghanistan,2005,21.8,NA,NA,NA,NA
NA,NA,NA,NA,NA,NA,70.208,NA,NA,NA,NA,NA,NA,NA,NA,NA,NA,NA,NA,NA,NA,NA,NA,NA,NA,NA,NA,NA,NA,NA,NA,NA,NA,NA,NA,NA,NA,NA,NA,NA,NA,NA,NA,NA,NA,NA,NA,NA,Austria,1968,113.95,NA,NA,NA,NA
NA,NA,NA,NA,NA,NA,54.225,NA,NA,NA,NA,NA,NA,NA,NA,NA,NA,NA,NA,NA,NA,NA,NA,NA,NA,NA,NA,NA,NA,NA,NA,NA,NA,NA,NA,NA,NA,NA,NA,NA,NA,NA,NA,NA,NA,NA,NA,NA,Bangladesh,1983,13.53,NA,NA,NA,NA
21673.306574488688,NA,0.7215016635077617,264.3003170248418,NA,259.501981997558,74.365,NA,83.36876210869569,46.81221982988949,NA,NA,NA,NA,NA,NA,NA,NA,NA,NA,NA,NA,NA,NA,NA,NA,NA,NA,NA,NA,NA,NA,NA,NA,NA,NA,NA,NA,NA,NA,NA,NA,NA,NA,NA,NA,NA,NA,Belize,2017,148.5,NA,NA,NA,NA
NA,NA,NA,NA,NA,NA,74.007,NA,NA,NA,NA,NA,NA,NA,NA,NA,NA,NA,NA,NA,NA,NA,NA,NA,NA,NA,NA,NA,NA,NA,NA,NA,NA,NA,NA,NA,NA,NA,NA,NA,NA,NA,NA,NA,NA,NA,NA,NA,Bermuda,1980,114.01,NA,NA,NA,NA
NA,NA,NA,NA,NA,NA,47.593,NA,NA,NA,NA,NA,NA,NA,NA,NA,NA,NA,NA,NA,NA,NA,NA,NA,NA,NA,NA,NA,NA,NA,NA,NA,NA,NA,NA,NA,NA,NA,NA,NA,NA,NA,NA,NA,NA,NA,NA,NA,Cameroon,1972,100.15,NA,NA,NA,NA
NA,NA,NA,NA,NA,NA,62.254,NA,NA,NA,NA,NA,NA,NA,NA,NA,NA,NA,NA,NA,NA,NA,NA,NA,NA,NA,NA,NA,NA,NA,NA,NA,NA,NA,NA,NA,NA,NA,NA,NA,NA,NA,NA,NA,NA,NA,NA,NA,Chile,1970,45.77,NA,NA,NA,NA
114085945.25289428,NA,46926.8096582546,1205168.5213512774,NA,234083.92227199144,69.145,NA,27776.18025510292,524898.107577372,NA,NA,NA,NA,NA,NA,NA,NA,NA,NA,NA,NA,NA,NA,NA,NA,NA,NA,NA,NA,NA,NA,NA,NA,NA,NA,NA,NA,NA,NA,NA,NA,NA,NA,NA,NA,NA,NA,China,1990,14.11,NA,NA,NA,NA
NA,NA,NA,NA,NA,NA,74.615,NA,NA,NA,NA,NA,NA,NA,NA,NA,NA,NA,NA,NA,NA,NA,NA,NA,NA,NA,NA,NA,NA,NA,NA,NA,NA,NA,NA,NA,NA,NA,NA,NA,NA,NA,NA,NA,NA,NA,NA,NA,Cuba,1989,67.8,NA,NA,NA,NA
12828.141136801272,NA,0.05887550027339121,1464.002484618415,NA,764.021632435876,79.245,NA,23.00385941095558,247.8752358633377,NA,NA,NA,NA,NA,NA,NA,NA,NA,NA,NA,NA,NA,NA,NA,NA,NA,NA,NA,NA,NA,NA,NA,NA,NA,NA,NA,NA,NA,NA,NA,NA,NA,NA,NA,NA,NA,NA,Cyprus,2009,94.9,NA,NA,NA,NA
NA,NA,NA,NA,NA,NA,52.306,NA,NA,NA,NA,NA,NA,NA,NA,NA,NA,NA,NA,NA,NA,NA,NA,NA,NA,NA,NA,NA,NA,NA,NA,NA,NA,NA,NA,NA,NA,NA,NA,NA,NA,NA,NA,NA,NA,NA,NA,NA,Dominican_Republic,1961,244.43,NA,NA,NA,NA
NA,NA,NA,NA,NA,NA,62.382,NA,NA,NA,NA,NA,NA,NA,NA,NA,NA,NA,NA,NA,NA,NA,NA,NA,NA,NA,NA,NA,NA,NA,NA,NA,NA,NA,NA,NA,NA,NA,NA,NA,NA,NA,NA,NA,NA,NA,NA,NA,Ecuador,1978,296.61,NA,NA,NA,NA
8817440.713080443,NA,3583.9951160273554,78343.61076144603,NA,56845.817080159366,68.051,NA,384.58448957591094,16528.23886926795,NA,NA,NA,NA,NA,NA,NA,NA,NA,NA,NA,NA,NA,NA,NA,NA,NA,NA,NA,NA,NA,NA,NA,NA,NA,NA,NA,NA,NA,NA,NA,NA,NA,NA,NA,NA,NA,NA,Egypt,1998,86.24,NA,NA,NA,NA
38808.80054533889,NA,0.2280972812744433,7085.311482560922,NA,2495.027824417755,68.794,NA,115.26060413663411,1563.5574969874283,NA,NA,NA,NA,NA,NA,NA,NA,NA,NA,NA,NA,NA,NA,NA,NA,NA,NA,NA,NA,NA,NA,NA,NA,NA,NA,NA,NA,NA,NA,NA,NA,NA,NA,NA,NA,NA,NA,Estonia,1992,27.33,NA,NA,NA,NA
91312.95914075452,NA,0.541354769285547,13930.861709116987,NA,4566.5652331110105,76.21,NA,134.91357844852516,2456.9429553260434,NA,NA,NA,NA,NA,NA,NA,NA,NA,NA,NA,NA,NA,NA,NA,NA,NA,NA,NA,NA,NA,NA,NA,NA,NA,NA,NA,NA,NA,NA,NA,NA,NA,NA,NA,NA,NA,NA,Finland,1994,77.38,NA,NA,NA,NA
699109.9090364678,NA,0.5649555996294782,75588.37211236909,NA,43261.3707115442,82.114,NA,2354.451978370876,13300.287168440143,NA,NA,NA,NA,NA,NA,NA,NA,NA,NA,NA,NA,NA,NA,NA,NA,NA,NA,NA,NA,NA,NA,NA,NA,NA,NA,NA,NA,NA,NA,NA,NA,NA,NA,NA,NA,NA,NA,France,2014,84.7,NA,NA,NA,NA
1075317.3203042531,NA,1.9822335394106931,252361.6784972822,NA,92777.99707991478,76.128,NA,6290.242984293364,37263.82497087728,NA,NA,NA,NA,NA,NA,NA,NA,NA,NA,NA,NA,NA,NA,NA,NA,NA,NA,NA,NA,NA,NA,NA,NA,NA,NA,NA,NA,NA,NA,NA,NA,NA,NA,NA,NA,NA,NA,Germany,1993,88.57,NA,NA,NA,NA
7034665.640322079,NA,1627.591749744568,21789.29411381002,NA,11225.07099805158,62.064,NA,15687.61757233586,1387.633656190104,NA,NA,NA,NA,NA,NA,NA,NA,NA,NA,NA,NA,NA,NA,NA,NA,NA,NA,NA,NA,NA,NA,NA,NA,NA,NA,NA,NA,NA,NA,NA,NA,NA,NA,NA,NA,NA,NA,Ghana,2013,196.19,NA,NA,NA,NA
NA,NA,NA,NA,NA,NA,66.895,NA,NA,NA,NA,NA,NA,NA,NA,NA,NA,NA,NA,NA,NA,NA,NA,NA,NA,NA,NA,NA,NA,NA,NA,NA,NA,NA,NA,NA,NA,NA,NA,NA,NA,NA,NA,NA,NA,NA,NA,NA,Grenada,1975,130.08,NA,NA,NA,NA
2796510.3517898186,NA,1933.9087706410128,10030.07206621692,NA,3174.6214521839142,57.131,NA,9306.198231007693,2404.2951517174915,NA,NA,NA,NA,NA,NA,NA,NA,NA,NA,NA,NA,NA,NA,NA,NA,NA,NA,NA,NA,NA,NA,NA,NA,NA,NA,NA,NA,NA,NA,NA,NA,NA,NA,NA,NA,NA,NA,Haiti,2000,86.81,NA,NA,NA,NA
NA,NA,NA,NA,NA,NA,68.513,NA,NA,NA,NA,NA,NA,NA,NA,NA,NA,NA,NA,NA,NA,NA,NA,NA,NA,NA,NA,NA,NA,NA,NA,NA,NA,NA,NA,NA,NA,NA,NA,NA,NA,NA,NA,NA,NA,NA,NA,NA,Hong_Kong,1962,34.49,NA,NA,NA,NA
NA,NA,NA,NA,NA,NA,69.183,NA,NA,NA,NA,NA,NA,NA,NA,NA,NA,NA,NA,NA,NA,NA,NA,NA,NA,NA,NA,NA,NA,NA,NA,NA,NA,NA,NA,NA,NA,NA,NA,NA,NA,NA,NA,NA,NA,NA,NA,NA,Hungary,1982,68.91,NA,NA,NA,NA
3297.509084192288,NA,0.05088257120732274,346.22194478804727,NA,170.35263461101977,80.466,NA,6.108424563842177,60.33126511255149,NA,NA,NA,NA,NA,NA,NA,NA,NA,NA,NA,NA,NA,NA,NA,NA,NA,NA,NA,NA,NA,NA,NA,NA,NA,NA,NA,NA,NA,NA,NA,NA,NA,NA,NA,NA,NA,NA,Iceland,2002,114.11,NA,NA,NA,NA
NA,NA,NA,NA,NA,NA,71.846,NA,NA,NA,NA,NA,NA,NA,NA,NA,NA,NA,NA,NA,NA,NA,NA,NA,NA,NA,NA,NA,NA,NA,NA,NA,NA,NA,NA,NA,NA,NA,NA,NA,NA,NA,NA,NA,NA,NA,NA,NA,Israel,1968,196.77,NA,NA,NA,NA
NA,NA,NA,NA,NA,NA,61.545,NA,NA,NA,NA,NA,NA,NA,NA,NA,NA,NA,NA,NA,NA,NA,NA,NA,NA,NA,NA,NA,NA,NA,NA,NA,NA,NA,NA,NA,NA,NA,NA,NA,NA,NA,NA,NA,NA,NA,NA,NA,Jordan,1972,37,NA,NA,NA,NA
NA,NA,NA,NA,NA,NA,52.557,NA,NA,NA,NA,NA,NA,NA,NA,NA,NA,NA,NA,NA,NA,NA,NA,NA,NA,NA,NA,NA,NA,NA,NA,NA,NA,NA,NA,NA,NA,NA,NA,NA,NA,NA,NA,NA,NA,NA,NA,NA,Kenya,1970,40.54,NA,NA,NA,NA
NA,NA,NA,NA,NA,NA,65.8,NA,NA,NA,NA,NA,NA,NA,NA,NA,NA,NA,NA,NA,NA,NA,NA,NA,NA,NA,NA,NA,NA,NA,NA,NA,NA,NA,NA,NA,NA,NA,NA,NA,NA,NA,NA,NA,NA,NA,NA,NA,Lebanon,1969,89.06,NA,NA,NA,NA
1047283.4142609872,NA,84.74677210197655,20721.98372275947,NA,6733.224511062129,71.972,NA,977.3837380308872,5386.836819085836,NA,NA,NA,NA,NA,NA,NA,NA,NA,NA,NA,NA,NA,NA,NA,NA,NA,NA,NA,NA,NA,NA,NA,NA,NA,NA,NA,NA,NA,NA,NA,NA,NA,NA,NA,NA,NA,NA,Malaysia,1996,53.37,NA,NA,NA,NA
8751952.784731166,NA,5581.32779381735,42940.890764259726,NA,35634.55011554989,70.866,NA,6899.916747393517,8658.11129537487,NA,NA,NA,NA,NA,NA,NA,NA,NA,NA,NA,NA,NA,NA,NA,NA,NA,NA,NA,NA,NA,NA,NA,NA,NA,NA,NA,NA,NA,NA,NA,NA,NA,NA,NA,NA,NA,NA,Mexico,1990,88.88,NA,NA,NA,NA
NA,NA,NA,NA,NA,NA,50.168,NA,NA,NA,NA,NA,NA,NA,NA,NA,NA,NA,NA,NA,NA,NA,NA,NA,NA,NA,NA,NA,NA,NA,NA,NA,NA,NA,NA,NA,NA,NA,NA,NA,NA,NA,NA,NA,NA,NA,NA,NA,Morocco,1964,29.51,NA,NA,NA,NA
NA,NA,NA,NA,NA,NA,40.291,NA,NA,NA,NA,NA,NA,NA,NA,NA,NA,NA,NA,NA,NA,NA,NA,NA,NA,NA,NA,NA,NA,NA,NA,NA,NA,NA,NA,NA,NA,NA,NA,NA,NA,NA,NA,NA,NA,NA,NA,NA,Nepal,1969,8.75,NA,NA,NA,NA
62779.357145343274,NA,0.3140247084914863,9012.51626624776,NA,3126.779984101501,79.474,NA,158.721125897617,1142.479373597242,NA,NA,NA,NA,NA,NA,NA,NA,NA,NA,NA,NA,NA,NA,NA,NA,NA,NA,NA,NA,NA,NA,NA,NA,NA,NA,NA,NA,NA,NA,NA,NA,NA,NA,NA,NA,NA,NA,Norway,2003,124.67,NA,NA,NA,NA
2162776.0056052892,NA,368.95889006364746,10569.814177001288,NA,7621.608163187037,72.24,NA,3044.244799253736,2775.0007676125115,NA,NA,NA,NA,NA,NA,NA,NA,NA,NA,NA,NA,NA,NA,NA,NA,NA,NA,NA,NA,NA,NA,NA,NA,NA,NA,NA,NA,NA,NA,NA,NA,NA,NA,NA,NA,NA,NA,Peru,2003,89.37,NA,NA,NA,NA
NA,NA,NA,NA,NA,NA,69.474,NA,NA,NA,NA,NA,NA,NA,NA,NA,NA,NA,NA,NA,NA,NA,NA,NA,NA,NA,NA,NA,NA,NA,NA,NA,NA,NA,NA,NA,NA,NA,NA,NA,NA,NA,NA,NA,NA,NA,NA,NA,Poland,1966,31.8,NA,NA,NA,NA
208440.31835887808,NA,1.69022123268369,17533.660059442922,NA,10030.767050970588,80.26,NA,954.34304135592,2997.093679103451,NA,NA,NA,NA,NA,NA,NA,NA,NA,NA,NA,NA,NA,NA,NA,NA,NA,NA,NA,NA,NA,NA,NA,NA,NA,NA,NA,NA,NA,NA,NA,NA,NA,NA,NA,NA,NA,NA,Portugal,2011,110.95,NA,NA,NA,NA
5797654.623614548,NA,25.59407281452462,755068.9194107244,NA,347909.77275320963,65.38,NA,11711.512632857895,202806.5270749124,NA,NA,NA,NA,NA,NA,NA,NA,NA,NA,NA,NA,NA,NA,NA,NA,NA,NA,NA,NA,NA,NA,NA,NA,NA,NA,NA,NA,NA,NA,NA,NA,NA,NA,NA,NA,NA,NA,Russia,2004,53.37,NA,NA,NA,NA
1849468.388253738,NA,520.267420731701,10060.399061220642,NA,6209.263706200682,70.349,NA,123.77063262314223,1847.3161142984104,NA,NA,NA,NA,NA,NA,NA,NA,NA,NA,NA,NA,NA,NA,NA,NA,NA,NA,NA,NA,NA,NA,NA,NA,NA,NA,NA,NA,NA,NA,NA,NA,NA,NA,NA,NA,NA,NA,Saudi_Arabia,1993,92.62,NA,NA,NA,NA
749281.1387188898,NA,1.1860951003036206,27760.053740285628,NA,14253.945450595354,81.472,NA,1287.675671183971,8111.577894434054,NA,NA,NA,NA,NA,NA,NA,NA,NA,NA,NA,NA,NA,NA,NA,NA,NA,NA,NA,NA,NA,NA,NA,NA,NA,NA,NA,NA,NA,NA,NA,NA,NA,NA,NA,NA,NA,NA,South_Korea,2013,66.86,NA,NA,NA,NA
NA,NA,NA,NA,NA,NA,75.249,NA,NA,NA,NA,NA,NA,NA,NA,NA,NA,NA,NA,NA,NA,NA,NA,NA,NA,NA,NA,NA,NA,NA,NA,NA,NA,NA,NA,NA,NA,NA,NA,NA,NA,NA,NA,NA,NA,NA,NA,NA,Switzerland,1978,139.43,NA,NA,NA,NA
366703.0885717048,NA,3.719778553884603,18499.252667051853,NA,9545.779270644824,75.171,NA,995.6862902858306,3632.2849652042382,NA,NA,NA,NA,NA,NA,NA,NA,NA,NA,NA,NA,NA,NA,NA,NA,NA,NA,NA,NA,NA,NA,NA,NA,NA,NA,NA,NA,NA,NA,NA,NA,NA,NA,NA,NA,NA,NA,Taiwan,1997,124.38,NA,NA,NA,NA
2769176.559657711,NA,104.27244822720957,50891.26709490073,NA,32735.407127537903,74.992,NA,16110.171695554,9547.602424154382,NA,NA,NA,NA,NA,NA,NA,NA,NA,NA,NA,NA,NA,NA,NA,NA,NA,NA,NA,NA,NA,NA,NA,NA,NA,NA,NA,NA,NA,NA,NA,NA,NA,NA,NA,NA,NA,NA,Thailand,2012,111.63,NA,NA,NA,NA
1077393.1516809445,NA,4.006829330607863,84232.31023425935,NA,56735.40553149678,81.168,NA,1984.5835504226177,18410.948096278324,NA,NA,NA,NA,NA,NA,NA,NA,NA,NA,NA,NA,NA,NA,NA,NA,NA,NA,NA,NA,NA,NA,NA,NA,NA,NA,NA,NA,NA,NA,NA,NA,NA,NA,NA,NA,NA,NA,United_Kingdom,2017,89.6,NA,NA,NA,NA
NA,NA,NA,NA,NA,NA,69.983,NA,NA,NA,NA,NA,NA,NA,NA,NA,NA,NA,NA,NA,NA,NA,NA,NA,NA,NA,NA,NA,NA,NA,NA,NA,NA,NA,NA,NA,NA,NA,NA,NA,NA,NA,NA,NA,NA,NA,NA,NA,Uruguay,1979,57.24,NA,NA,NA,NA
3655189.035584432,NA,190.09735295800755,122573.95584972156,NA,25641.26800202865,75.11,NA,10002.378268418075,32810.412172553304,NA,NA,NA,NA,NA,NA,NA,NA,NA,NA,NA,NA,NA,NA,NA,NA,NA,NA,NA,NA,NA,NA,NA,NA,NA,NA,NA,NA,NA,NA,NA,NA,NA,NA,NA,NA,NA,NA,Vietnam,2015,72.84,NA,NA,NA,NA
945880784.2506932,NA,437355.95541494346,8503613.80063578,NA,3465994.58507053,68.725,NA,1749320.7924344998,2224065.517813325,NA,NA,NA,NA,NA,NA,NA,NA,NA,NA,NA,NA,NA,NA,NA,NA,NA,NA,NA,NA,NA,NA,NA,NA,NA,NA,NA,NA,NA,NA,NA,NA,NA,NA,NA,NA,NA,NA,World,2007,70.51,NA,NA,NA,NA
NA,NA,NA,NA,NA,NA,54.403,NA,NA,NA,NA,NA,NA,NA,NA,NA,NA,NA,NA,NA,NA,NA,NA,NA,NA,NA,NA,NA,NA,NA,NA,NA,NA,NA,NA,NA,NA,NA,NA,NA,NA,NA,NA,NA,NA,NA,NA,NA,Zimbabwe,1963,14.54,NA,NA,NA,NA
NA,NA,NA,NA,NA,NA,62.715,NA,NA,NA,NA,NA,NA,NA,NA,NA,NA,NA,NA,NA,NA,NA,NA,NA,NA,NA,NA,NA,NA,NA,NA,NA,NA,NA,NA,NA,NA,NA,NA,NA,NA,NA,NA,NA,NA,NA,NA,NA,Greenland,1971,NA,NA,NA,NA,NA
NA,NA,NA,NA,NA,NA,60.456,NA,NA,NA,NA,NA,NA,NA,NA,NA,NA,NA,NA,NA,NA,NA,NA,NA,NA,NA,NA,NA,NA,NA,NA,NA,NA,NA,NA,NA,NA,NA,NA,NA,NA,NA,NA,NA,NA,NA,NA,NA,Guam,1959,NA,NA,NA,NA,NA
NA,NA,NA,NA,NA,NA,NA,NA,NA,NA,NA,NA,NA,NA,NA,NA,NA,NA,NA,NA,NA,NA,NA,NA,NA,NA,NA,NA,NA,NA,NA,NA,NA,NA,NA,NA,NA,NA,NA,NA,NA,NA,NA,NA,NA,NA,NA,NA,Austria,1998,NA,NA,NA,NA,NA
NA,NA,NA,NA,NA,NA,NA,NA,NA,NA,NA,NA,NA,NA,NA,NA,NA,NA,NA,NA,NA,NA,NA,NA,NA,NA,NA,NA,NA,NA,NA,NA,NA,NA,NA,NA,NA,NA,NA,NA,NA,NA,NA,NA,NA,NA,NA,NA,Bangladesh,2013,NA,NA,NA,NA,NA
NA,NA,NA,NA,NA,NA,NA,NA,NA,NA,NA,NA,NA,NA,NA,NA,NA,NA,NA,NA,NA,NA,NA,NA,NA,NA,NA,NA,NA,NA,NA,NA,NA,NA,NA,NA,NA,NA,NA,NA,NA,NA,NA,NA,NA,NA,NA,NA,Belarus,2007,NA,NA,NA,NA,NA
NA,NA,NA,NA,NA,NA,NA,NA,NA,NA,NA,NA,NA,NA,NA,NA,NA,NA,NA,NA,NA,NA,NA,NA,NA,NA,NA,NA,NA,NA,NA,NA,NA,NA,NA,NA,NA,NA,NA,NA,NA,NA,NA,NA,NA,NA,NA,NA,Belize,1969,NA,NA,NA,NA,NA
NA,NA,NA,NA,NA,NA,NA,NA,NA,NA,NA,NA,NA,NA,NA,NA,NA,NA,NA,NA,NA,NA,NA,NA,NA,NA,NA,NA,NA,NA,NA,NA,NA,NA,NA,NA,NA,NA,NA,NA,NA,NA,NA,NA,NA,NA,NA,NA,Bermuda,2010,NA,NA,NA,NA,NA
NA,NA,NA,NA,NA,NA,NA,NA,NA,NA,NA,NA,NA,NA,NA,NA,NA,NA,NA,NA,NA,NA,NA,NA,NA,NA,NA,NA,NA,NA,NA,NA,NA,NA,NA,NA,NA,NA,NA,NA,NA,NA,NA,NA,NA,NA,NA,NA,Brazil,1972,NA,NA,NA,NA,NA
NA,NA,NA,NA,NA,NA,NA,NA,NA,NA,NA,NA,NA,NA,NA,NA,NA,NA,NA,NA,NA,NA,NA,NA,NA,NA,NA,NA,NA,NA,NA,NA,NA,NA,NA,NA,NA,NA,NA,NA,NA,NA,NA,NA,NA,NA,NA,NA,Cameroon,2002,NA,NA,NA,NA,NA
NA,NA,NA,NA,NA,NA,NA,NA,NA,NA,NA,NA,NA,NA,NA,NA,NA,NA,NA,NA,NA,NA,NA,NA,NA,NA,NA,NA,NA,NA,NA,NA,NA,NA,NA,NA,NA,NA,NA,NA,NA,NA,NA,NA,NA,NA,NA,NA,Chile,2000,NA,NA,NA,NA,NA
NA,NA,NA,NA,NA,NA,NA,NA,NA,NA,NA,NA,NA,NA,NA,NA,NA,NA,NA,NA,NA,NA,NA,NA,NA,NA,NA,NA,NA,NA,NA,NA,NA,NA,NA,NA,NA,NA,NA,NA,NA,NA,NA,NA,NA,NA,NA,NA,Congo,1983,NA,NA,NA,NA,NA
NA,NA,NA,NA,NA,NA,NA,NA,NA,NA,NA,NA,NA,NA,NA,NA,NA,NA,NA,NA,NA,NA,NA,NA,NA,NA,NA,NA,NA,NA,NA,NA,NA,NA,NA,NA,NA,NA,NA,NA,NA,NA,NA,NA,NA,NA,NA,NA,Cyprus,1961,NA,NA,NA,NA,NA
NA,NA,NA,NA,NA,NA,NA,NA,NA,NA,NA,NA,NA,NA,NA,NA,NA,NA,NA,NA,NA,NA,NA,NA,NA,NA,NA,NA,NA,NA,NA,NA,NA,NA,NA,NA,NA,NA,NA,NA,NA,NA,NA,NA,NA,NA,NA,NA,Dominican_Republic,1986,NA,NA,NA,NA,NA
NA,NA,NA,NA,NA,NA,NA,NA,NA,NA,NA,NA,NA,NA,NA,NA,NA,NA,NA,NA,NA,NA,NA,NA,NA,NA,NA,NA,NA,NA,NA,NA,NA,NA,NA,NA,NA,NA,NA,NA,NA,NA,NA,NA,NA,NA,NA,NA,Ecuador,2003,NA,NA,NA,NA,NA
NA,NA,NA,NA,NA,NA,NA,NA,NA,NA,NA,NA,NA,NA,NA,NA,NA,NA,NA,NA,NA,NA,NA,NA,NA,NA,NA,NA,NA,NA,NA,NA,NA,NA,NA,NA,NA,NA,NA,NA,NA,NA,NA,NA,NA,NA,NA,NA,Estonia,2017,NA,NA,NA,NA,NA
NA,NA,NA,NA,NA,NA,NA,NA,NA,NA,NA,NA,NA,NA,NA,NA,NA,NA,NA,NA,NA,NA,NA,NA,NA,NA,NA,NA,NA,NA,NA,NA,NA,NA,NA,NA,NA,NA,NA,NA,NA,NA,NA,NA,NA,NA,NA,NA,France,1961,NA,NA,NA,NA,NA
NA,NA,NA,NA,NA,NA,NA,NA,NA,NA,NA,NA,NA,NA,NA,NA,NA,NA,NA,NA,NA,NA,NA,NA,NA,NA,NA,NA,NA,NA,NA,NA,NA,NA,NA,NA,NA,NA,NA,NA,NA,NA,NA,NA,NA,NA,NA,NA,Grenada,2000,NA,NA,NA,NA,NA
NA,NA,NA,NA,NA,NA,NA,NA,NA,NA,NA,NA,NA,NA,NA,NA,NA,NA,NA,NA,NA,NA,NA,NA,NA,NA,NA,NA,NA,NA,NA,NA,NA,NA,NA,NA,NA,NA,NA,NA,NA,NA,NA,NA,NA,NA,NA,NA,Honduras,1967,NA,NA,NA,NA,NA
NA,NA,NA,NA,NA,NA,NA,NA,NA,NA,NA,NA,NA,NA,NA,NA,NA,NA,NA,NA,NA,NA,NA,NA,NA,NA,NA,NA,NA,NA,NA,NA,NA,NA,NA,NA,NA,NA,NA,NA,NA,NA,NA,NA,NA,NA,NA,NA,Hong_Kong,1987,NA,NA,NA,NA,NA
NA,NA,NA,NA,NA,NA,NA,NA,NA,NA,NA,NA,NA,NA,NA,NA,NA,NA,NA,NA,NA,NA,NA,NA,NA,NA,NA,NA,NA,NA,NA,NA,NA,NA,NA,NA,NA,NA,NA,NA,NA,NA,NA,NA,NA,NA,NA,NA,Hungary,2007,NA,NA,NA,NA,NA
NA,NA,NA,NA,NA,NA,NA,NA,NA,NA,NA,NA,NA,NA,NA,NA,NA,NA,NA,NA,NA,NA,NA,NA,NA,NA,NA,NA,NA,NA,NA,NA,NA,NA,NA,NA,NA,NA,NA,NA,NA,NA,NA,NA,NA,NA,NA,NA,India,1969,NA,NA,NA,NA,NA
NA,NA,NA,NA,NA,NA,NA,NA,NA,NA,NA,NA,NA,NA,NA,NA,NA,NA,NA,NA,NA,NA,NA,NA,NA,NA,NA,NA,NA,NA,NA,NA,NA,NA,NA,NA,NA,NA,NA,NA,NA,NA,NA,NA,NA,NA,NA,NA,Ireland,1974,NA,NA,NA,NA,NA
NA,NA,NA,NA,NA,NA,NA,NA,NA,NA,NA,NA,NA,NA,NA,NA,NA,NA,NA,NA,NA,NA,NA,NA,NA,NA,NA,NA,NA,NA,NA,NA,NA,NA,NA,NA,NA,NA,NA,NA,NA,NA,NA,NA,NA,NA,NA,NA,Israel,1993,NA,NA,NA,NA,NA
NA,NA,NA,NA,NA,NA,NA,NA,NA,NA,NA,NA,NA,NA,NA,NA,NA,NA,NA,NA,NA,NA,NA,NA,NA,NA,NA,NA,NA,NA,NA,NA,NA,NA,NA,NA,NA,NA,NA,NA,NA,NA,NA,NA,NA,NA,NA,NA,Japan,1977,NA,NA,NA,NA,NA
NA,NA,NA,NA,NA,NA,NA,NA,NA,NA,NA,NA,NA,NA,NA,NA,NA,NA,NA,NA,NA,NA,NA,NA,NA,NA,NA,NA,NA,NA,NA,NA,NA,NA,NA,NA,NA,NA,NA,NA,NA,NA,NA,NA,NA,NA,NA,NA,Jordan,1997,NA,NA,NA,NA,NA
NA,NA,NA,NA,NA,NA,NA,NA,NA,NA,NA,NA,NA,NA,NA,NA,NA,NA,NA,NA,NA,NA,NA,NA,NA,NA,NA,NA,NA,NA,NA,NA,NA,NA,NA,NA,NA,NA,NA,NA,NA,NA,NA,NA,NA,NA,NA,NA,Kenya,1995,NA,NA,NA,NA,NA
NA,NA,NA,NA,NA,NA,NA,NA,NA,NA,NA,NA,NA,NA,NA,NA,NA,NA,NA,NA,NA,NA,NA,NA,NA,NA,NA,NA,NA,NA,NA,NA,NA,NA,NA,NA,NA,NA,NA,NA,NA,NA,NA,NA,NA,NA,NA,NA,Laos,1975,NA,NA,NA,NA,NA
NA,NA,NA,NA,NA,NA,NA,NA,NA,NA,NA,NA,NA,NA,NA,NA,NA,NA,NA,NA,NA,NA,NA,NA,NA,NA,NA,NA,NA,NA,NA,NA,NA,NA,NA,NA,NA,NA,NA,NA,NA,NA,NA,NA,NA,NA,NA,NA,Lebanon,1994,NA,NA,NA,NA,NA
NA,NA,NA,NA,NA,NA,NA,NA,NA,NA,NA,NA,NA,NA,NA,NA,NA,NA,NA,NA,NA,NA,NA,NA,NA,NA,NA,NA,NA,NA,NA,NA,NA,NA,NA,NA,NA,NA,NA,NA,NA,NA,NA,NA,NA,NA,NA,NA,Luxembourg,2016,NA,NA,NA,NA,NA
NA,NA,NA,NA,NA,NA,NA,NA,NA,NA,NA,NA,NA,NA,NA,NA,NA,NA,NA,NA,NA,NA,NA,NA,NA,NA,NA,NA,NA,NA,NA,NA,NA,NA,NA,NA,NA,NA,NA,NA,NA,NA,NA,NA,NA,NA,NA,NA,Mexico,2015,NA,NA,NA,NA,NA
NA,NA,NA,NA,NA,NA,NA,NA,NA,NA,NA,NA,NA,NA,NA,NA,NA,NA,NA,NA,NA,NA,NA,NA,NA,NA,NA,NA,NA,NA,NA,NA,NA,NA,NA,NA,NA,NA,NA,NA,NA,NA,NA,NA,NA,NA,NA,NA,Mongolia,1981,NA,NA,NA,NA,NA
NA,NA,NA,NA,NA,NA,NA,NA,NA,NA,NA,NA,NA,NA,NA,NA,NA,NA,NA,NA,NA,NA,NA,NA,NA,NA,NA,NA,NA,NA,NA,NA,NA,NA,NA,NA,NA,NA,NA,NA,NA,NA,NA,NA,NA,NA,NA,NA,Morocco,1989,NA,NA,NA,NA,NA
NA,NA,NA,NA,NA,NA,NA,NA,NA,NA,NA,NA,NA,NA,NA,NA,NA,NA,NA,NA,NA,NA,NA,NA,NA,NA,NA,NA,NA,NA,NA,NA,NA,NA,NA,NA,NA,NA,NA,NA,NA,NA,NA,NA,NA,NA,NA,NA,Nepal,1994,NA,NA,NA,NA,NA
NA,NA,NA,NA,NA,NA,NA,NA,NA,NA,NA,NA,NA,NA,NA,NA,NA,NA,NA,NA,NA,NA,NA,NA,NA,NA,NA,NA,NA,NA,NA,NA,NA,NA,NA,NA,NA,NA,NA,NA,NA,NA,NA,NA,NA,NA,NA,NA,Nicaragua,1974,NA,NA,NA,NA,NA
NA,NA,NA,NA,NA,NA,NA,NA,NA,NA,NA,NA,NA,NA,NA,NA,NA,NA,NA,NA,NA,NA,NA,NA,NA,NA,NA,NA,NA,NA,NA,NA,NA,NA,NA,NA,NA,NA,NA,NA,NA,NA,NA,NA,NA,NA,NA,NA,Pakistan,1967,NA,NA,NA,NA,NA
NA,NA,NA,NA,NA,NA,NA,NA,NA,NA,NA,NA,NA,NA,NA,NA,NA,NA,NA,NA,NA,NA,NA,NA,NA,NA,NA,NA,NA,NA,NA,NA,NA,NA,NA,NA,NA,NA,NA,NA,NA,NA,NA,NA,NA,NA,NA,NA,Poland,1991,NA,NA,NA,NA,NA
NA,NA,NA,NA,NA,NA,NA,NA,NA,NA,NA,NA,NA,NA,NA,NA,NA,NA,NA,NA,NA,NA,NA,NA,NA,NA,NA,NA,NA,NA,NA,NA,NA,NA,NA,NA,NA,NA,NA,NA,NA,NA,NA,NA,NA,NA,NA,NA,Samoa,1977,NA,NA,NA,NA,NA
NA,NA,NA,NA,NA,NA,NA,NA,NA,NA,NA,NA,NA,NA,NA,NA,NA,NA,NA,NA,NA,NA,NA,NA,NA,NA,NA,NA,NA,NA,NA,NA,NA,NA,NA,NA,NA,NA,NA,NA,NA,NA,NA,NA,NA,NA,NA,NA,Slovakia,2007,NA,NA,NA,NA,NA
NA,NA,NA,NA,NA,NA,NA,NA,NA,NA,NA,NA,NA,NA,NA,NA,NA,NA,NA,NA,NA,NA,NA,NA,NA,NA,NA,NA,NA,NA,NA,NA,NA,NA,NA,NA,NA,NA,NA,NA,NA,NA,NA,NA,NA,NA,NA,NA,Spain,1977,NA,NA,NA,NA,NA
NA,NA,NA,NA,NA,NA,NA,NA,NA,NA,NA,NA,NA,NA,NA,NA,NA,NA,NA,NA,NA,NA,NA,NA,NA,NA,NA,NA,NA,NA,NA,NA,NA,NA,NA,NA,NA,NA,NA,NA,NA,NA,NA,NA,NA,NA,NA,NA,Sweden,1981,NA,NA,NA,NA,NA
NA,NA,NA,NA,NA,NA,NA,NA,NA,NA,NA,NA,NA,NA,NA,NA,NA,NA,NA,NA,NA,NA,NA,NA,NA,NA,NA,NA,NA,NA,NA,NA,NA,NA,NA,NA,NA,NA,NA,NA,NA,NA,NA,NA,NA,NA,NA,NA,Switzerland,2003,NA,NA,NA,NA,NA
NA,NA,NA,NA,NA,NA,NA,NA,NA,NA,NA,NA,NA,NA,NA,NA,NA,NA,NA,NA,NA,NA,NA,NA,NA,NA,NA,NA,NA,NA,NA,NA,NA,NA,NA,NA,NA,NA,NA,NA,NA,NA,NA,NA,NA,NA,NA,NA,Turkey,1985,NA,NA,NA,NA,NA
NA,NA,NA,NA,NA,NA,NA,NA,NA,NA,NA,NA,NA,NA,NA,NA,NA,NA,NA,NA,NA,NA,NA,NA,NA,NA,NA,NA,NA,NA,NA,NA,NA,NA,NA,NA,NA,NA,NA,NA,NA,NA,NA,NA,NA,NA,NA,NA,United_Kingdom,1964,NA,NA,NA,NA,NA
NA,NA,NA,NA,NA,NA,NA,NA,NA,NA,NA,NA,NA,NA,NA,NA,NA,NA,NA,NA,NA,NA,NA,NA,NA,NA,NA,NA,NA,NA,NA,NA,NA,NA,NA,NA,NA,NA,NA,NA,NA,NA,NA,NA,NA,NA,NA,NA,United_States,1984,NA,NA,NA,NA,NA
NA,NA,NA,NA,NA,NA,NA,NA,NA,NA,NA,NA,NA,NA,NA,NA,NA,NA,NA,NA,NA,NA,NA,NA,NA,NA,NA,NA,NA,NA,NA,NA,NA,NA,NA,NA,NA,NA,NA,NA,NA,NA,NA,NA,NA,NA,NA,NA,Uruguay,2004,NA,NA,NA,NA,NA
NA,NA,NA,NA,NA,NA,NA,NA,NA,NA,NA,NA,NA,NA,NA,NA,NA,NA,NA,NA,NA,NA,NA,NA,NA,NA,NA,NA,NA,NA,NA,NA,NA,NA,NA,NA,NA,NA,NA,NA,NA,NA,NA,NA,NA,NA,NA,NA,Vietnam,1962,NA,NA,NA,NA,NA
NA,NA,NA,NA,NA,NA,NA,NA,NA,NA,NA,NA,NA,NA,NA,NA,NA,NA,NA,NA,NA,NA,NA,NA,NA,NA,NA,NA,NA,NA,NA,NA,NA,NA,NA,NA,NA,NA,NA,NA,NA,NA,NA,NA,NA,NA,NA,NA,Zimbabwe,1988,NA,NA,NA,NA,NA
